user_id;group;opened
1;A;0
2;A;0
3;A;0
4;A;1
5;A;0
6;A;0
7;A;1
8;A;0
9;A;0
10;A;1
11;A;0
12;A;0
13;A;0
14;A;1
15;A;0
16;A;1
17;A;1
18;A;1
19;A;0
20;A;0
21;A;0
22;A;0
23;A;0
24;A;0
25;A;0
26;A;0
27;A;0
28;A;0
29;A;0
30;A;0
31;A;1
32;A;0
33;A;0
34;A;0
35;A;0
36;A;0
37;A;1
38;A;0
39;A;1
40;A;0
41;A;0
42;A;0
43;A;0
44;A;0
45;A;1
46;A;0
47;A;0
48;A;0
49;A;1
50;A;1
51;A;0
52;A;0
53;A;0
54;A;0
55;A;0
56;A;0
57;A;1
58;A;0
59;A;0
60;A;0
61;A;0
62;A;0
63;A;0
64;A;0
65;A;1
66;A;1
67;A;0
68;A;0
69;A;1
70;A;0
71;A;0
72;A;0
73;A;0
74;A;0
75;A;0
76;A;0
77;A;0
78;A;0
79;A;1
80;A;0
81;A;0
82;A;0
83;A;0
84;A;0
85;A;0
86;A;0
87;A;0
88;A;0
89;A;0
90;A;1
91;A;0
92;A;0
93;A;0
94;A;0
95;A;1
96;A;0
97;A;0
98;A;1
99;A;1
100;A;1
101;A;1
102;A;1
103;A;1
104;A;0
105;A;0
106;A;0
107;A;0
108;A;0
109;A;0
110;A;1
111;A;0
112;A;0
113;A;1
114;A;0
115;A;0
116;A;0
117;A;0
118;A;0
119;A;1
120;A;0
121;A;0
122;A;1
123;A;0
124;A;0
125;A;1
126;A;0
127;A;1
128;A;0
129;A;0
130;A;0
131;A;0
132;A;0
133;A;0
134;A;0
135;A;0
136;A;1
137;A;0
138;A;0
139;A;1
140;A;0
141;A;0
142;A;0
143;A;1
144;A;1
145;A;0
146;A;0
147;A;0
148;A;0
149;A;0
150;A;0
151;A;0
152;A;0
153;A;0
154;A;0
155;A;0
156;A;0
157;A;0
158;A;1
159;A;0
160;A;0
161;A;0
162;A;0
163;A;0
164;A;0
165;A;0
166;A;0
167;A;0
168;A;0
169;A;0
170;A;1
171;A;0
172;A;0
173;A;0
174;A;0
175;A;0
176;A;0
177;A;0
178;A;1
179;A;0
180;A;1
181;A;1
182;A;0
183;A;0
184;A;0
185;A;0
186;A;0
187;A;0
188;A;0
189;A;0
190;A;0
191;A;0
192;A;0
193;A;1
194;A;0
195;A;1
196;A;0
197;A;0
198;A;0
199;A;0
200;A;0
201;A;0
202;A;0
203;A;1
204;A;0
205;A;1
206;A;0
207;A;1
208;A;0
209;A;0
210;A;1
211;A;0
212;A;0
213;A;0
214;A;0
215;A;0
216;A;0
217;A;0
218;A;0
219;A;0
220;A;1
221;A;0
222;A;0
223;A;0
224;A;0
225;A;0
226;A;0
227;A;1
228;A;0
229;A;1
230;A;0
231;A;0
232;A;1
233;A;0
234;A;0
235;A;0
236;A;0
237;A;0
238;A;0
239;A;0
240;A;0
241;A;0
242;A;1
243;A;0
244;A;0
245;A;1
246;A;0
247;A;1
248;A;1
249;A;0
250;A;0
251;A;0
252;A;0
253;A;0
254;A;0
255;A;0
256;A;1
257;A;0
258;A;1
259;A;0
260;A;1
261;A;0
262;A;1
263;A;0
264;A;0
265;A;0
266;A;1
267;A;0
268;A;1
269;A;0
270;A;0
271;A;0
272;A;0
273;A;1
274;A;0
275;A;0
276;A;0
277;A;0
278;A;0
279;A;0
280;A;0
281;A;0
282;A;0
283;A;0
284;A;0
285;A;0
286;A;0
287;A;0
288;A;0
289;A;0
290;A;0
291;A;0
292;A;0
293;A;1
294;A;0
295;A;0
296;A;0
297;A;0
298;A;0
299;A;0
300;A;0
301;A;1
302;A;0
303;A;0
304;A;0
305;A;0
306;A;0
307;A;0
308;A;0
309;A;0
310;A;0
311;A;0
312;A;0
313;A;0
314;A;0
315;A;0
316;A;0
317;A;1
318;A;0
319;A;1
320;A;0
321;A;0
322;A;0
323;A;0
324;A;0
325;A;0
326;A;0
327;A;0
328;A;0
329;A;1
330;A;0
331;A;0
332;A;0
333;A;0
334;A;0
335;A;1
336;A;0
337;A;1
338;A;0
339;A;0
340;A;0
341;A;0
342;A;0
343;A;0
344;A;0
345;A;0
346;A;0
347;A;0
348;A;0
349;A;1
350;A;0
351;A;0
352;A;0
353;A;0
354;A;0
355;A;0
356;A;1
357;A;0
358;A;0
359;A;0
360;A;0
361;A;1
362;A;1
363;A;0
364;A;0
365;A;1
366;A;0
367;A;0
368;A;0
369;A;0
370;A;0
371;A;0
372;A;0
373;A;0
374;A;1
375;A;0
376;A;0
377;A;0
378;A;0
379;A;0
380;A;0
381;A;0
382;A;0
383;A;0
384;A;0
385;A;0
386;A;1
387;A;0
388;A;0
389;A;0
390;A;0
391;A;0
392;A;0
393;A;0
394;A;0
395;A;0
396;A;0
397;A;0
398;A;0
399;A;1
400;A;0
401;A;0
402;A;0
403;A;0
404;A;1
405;A;0
406;A;0
407;A;0
408;A;0
409;A;0
410;A;1
411;A;0
412;A;0
413;A;0
414;A;0
415;A;1
416;A;0
417;A;1
418;A;1
419;A;0
420;A;0
421;A;0
422;A;1
423;A;0
424;A;0
425;A;0
426;A;0
427;A;0
428;A;0
429;A;1
430;A;0
431;A;0
432;A;0
433;A;1
434;A;1
435;A;0
436;A;0
437;A;0
438;A;0
439;A;1
440;A;0
441;A;0
442;A;0
443;A;0
444;A;0
445;A;0
446;A;0
447;A;0
448;A;0
449;A;0
450;A;1
451;A;0
452;A;0
453;A;1
454;A;0
455;A;0
456;A;0
457;A;0
458;A;0
459;A;1
460;A;0
461;A;0
462;A;0
463;A;0
464;A;0
465;A;0
466;A;1
467;A;0
468;A;0
469;A;0
470;A;1
471;A;0
472;A;0
473;A;0
474;A;0
475;A;0
476;A;0
477;A;1
478;A;0
479;A;0
480;A;0
481;A;0
482;A;0
483;A;1
484;A;0
485;A;0
486;A;0
487;A;0
488;A;1
489;A;1
490;A;0
491;A;0
492;A;0
493;A;0
494;A;0
495;A;0
496;A;0
497;A;0
498;A;1
499;A;0
500;A;0
501;A;0
502;A;0
503;A;0
504;A;0
505;A;0
506;A;0
507;A;0
508;A;0
509;A;0
510;A;0
511;A;0
512;A;1
513;A;1
514;A;1
515;A;0
516;A;0
517;A;0
518;A;1
519;A;0
520;A;0
521;A;0
522;A;0
523;A;0
524;A;1
525;A;0
526;A;0
527;A;0
528;A;0
529;A;1
530;A;0
531;A;0
532;A;0
533;A;0
534;A;0
535;A;0
536;A;0
537;A;0
538;A;0
539;A;0
540;A;0
541;A;0
542;A;0
543;A;0
544;A;0
545;A;0
546;A;1
547;A;0
548;A;0
549;A;0
550;A;0
551;A;0
552;A;1
553;A;0
554;A;0
555;A;0
556;A;1
557;A;0
558;A;0
559;A;0
560;A;0
561;A;0
562;A;0
563;A;0
564;A;0
565;A;0
566;A;1
567;A;0
568;A;0
569;A;1
570;A;1
571;A;0
572;A;0
573;A;0
574;A;0
575;A;0
576;A;0
577;A;0
578;A;0
579;A;0
580;A;0
581;A;0
582;A;0
583;A;0
584;A;1
585;A;0
586;A;0
587;A;0
588;A;0
589;A;1
590;A;0
591;A;0
592;A;1
593;A;0
594;A;0
595;A;0
596;A;0
597;A;0
598;A;1
599;A;0
600;A;0
601;A;1
602;A;0
603;A;0
604;A;0
605;A;1
606;A;0
607;A;0
608;A;0
609;A;0
610;A;0
611;A;0
612;A;0
613;A;0
614;A;0
615;A;0
616;A;0
617;A;0
618;A;0
619;A;0
620;A;0
621;A;0
622;A;0
623;A;0
624;A;0
625;A;1
626;A;0
627;A;1
628;A;0
629;A;0
630;A;1
631;A;0
632;A;1
633;A;0
634;A;1
635;A;0
636;A;1
637;A;0
638;A;1
639;A;0
640;A;0
641;A;0
642;A;1
643;A;0
644;A;0
645;A;0
646;A;0
647;A;0
648;A;0
649;A;0
650;A;0
651;A;1
652;A;0
653;A;0
654;A;0
655;A;0
656;A;0
657;A;1
658;A;0
659;A;0
660;A;0
661;A;0
662;A;1
663;A;0
664;A;0
665;A;0
666;A;1
667;A;0
668;A;0
669;A;0
670;A;0
671;A;0
672;A;1
673;A;0
674;A;0
675;A;1
676;A;0
677;A;0
678;A;0
679;A;0
680;A;0
681;A;0
682;A;1
683;A;0
684;A;0
685;A;1
686;A;0
687;A;0
688;A;1
689;A;0
690;A;0
691;A;0
692;A;0
693;A;0
694;A;1
695;A;0
696;A;0
697;A;0
698;A;0
699;A;0
700;A;1
701;A;0
702;A;0
703;A;0
704;A;0
705;A;0
706;A;0
707;A;0
708;A;0
709;A;1
710;A;0
711;A;0
712;A;1
713;A;0
714;A;0
715;A;0
716;A;0
717;A;0
718;A;0
719;A;1
720;A;0
721;A;0
722;A;0
723;A;0
724;A;1
725;A;0
726;A;0
727;A;1
728;A;1
729;A;1
730;A;1
731;A;0
732;A;0
733;A;0
734;A;0
735;A;0
736;A;0
737;A;0
738;A;0
739;A;0
740;A;1
741;A;1
742;A;1
743;A;0
744;A;0
745;A;0
746;A;0
747;A;1
748;A;0
749;A;0
750;A;0
751;A;0
752;A;0
753;A;0
754;A;0
755;A;1
756;A;0
757;A;0
758;A;1
759;A;0
760;A;1
761;A;1
762;A;0
763;A;0
764;A;0
765;A;0
766;A;0
767;A;0
768;A;0
769;A;0
770;A;1
771;A;0
772;A;0
773;A;0
774;A;0
775;A;0
776;A;0
777;A;0
778;A;0
779;A;0
780;A;0
781;A;0
782;A;0
783;A;0
784;A;0
785;A;1
786;A;1
787;A;1
788;A;0
789;A;0
790;A;0
791;A;1
792;A;0
793;A;0
794;A;0
795;A;1
796;A;0
797;A;0
798;A;1
799;A;0
800;A;0
801;A;1
802;A;0
803;A;0
804;A;0
805;A;1
806;A;0
807;A;0
808;A;0
809;A;0
810;A;0
811;A;1
812;A;0
813;A;0
814;A;1
815;A;0
816;A;0
817;A;0
818;A;0
819;A;0
820;A;0
821;A;0
822;A;0
823;A;0
824;A;0
825;A;1
826;A;0
827;A;0
828;A;0
829;A;0
830;A;0
831;A;1
832;A;0
833;A;0
834;A;0
835;A;1
836;A;0
837;A;0
838;A;0
839;A;0
840;A;0
841;A;0
842;A;0
843;A;0
844;A;0
845;A;0
846;A;0
847;A;0
848;A;1
849;A;0
850;A;1
851;A;0
852;A;0
853;A;0
854;A;0
855;A;0
856;A;0
857;A;0
858;A;0
859;A;0
860;A;0
861;A;0
862;A;0
863;A;0
864;A;0
865;A;0
866;A;0
867;A;0
868;A;0
869;A;0
870;A;1
871;A;0
872;A;1
873;A;1
874;A;0
875;A;0
876;A;0
877;A;0
878;A;0
879;A;0
880;A;0
881;A;0
882;A;0
883;A;1
884;A;0
885;A;1
886;A;0
887;A;0
888;A;1
889;A;1
890;A;1
891;A;0
892;A;0
893;A;0
894;A;0
895;A;0
896;A;1
897;A;0
898;A;0
899;A;1
900;A;0
901;A;0
902;A;0
903;A;0
904;A;0
905;A;1
906;A;1
907;A;0
908;A;0
909;A;1
910;A;1
911;A;1
912;A;0
913;A;0
914;A;0
915;A;0
916;A;1
917;A;0
918;A;0
919;A;0
920;A;0
921;A;1
922;A;0
923;A;1
924;A;0
925;A;0
926;A;0
927;A;0
928;A;0
929;A;0
930;A;0
931;A;1
932;A;0
933;A;0
934;A;0
935;A;0
936;A;0
937;A;0
938;A;0
939;A;0
940;A;0
941;A;0
942;A;0
943;A;1
944;A;0
945;A;0
946;A;0
947;A;1
948;A;0
949;A;0
950;A;0
951;A;1
952;A;0
953;A;0
954;A;1
955;A;0
956;A;0
957;A;1
958;A;0
959;A;0
960;A;0
961;A;0
962;A;0
963;A;0
964;A;1
965;A;0
966;A;0
967;A;0
968;A;1
969;A;1
970;A;0
971;A;0
972;A;0
973;A;0
974;A;0
975;A;0
976;A;1
977;A;0
978;A;0
979;A;0
980;A;1
981;A;0
982;A;0
983;A;0
984;A;0
985;A;0
986;A;0
987;A;0
988;A;1
989;A;0
990;A;1
991;A;0
992;A;0
993;A;0
994;A;0
995;A;0
996;A;1
997;A;0
998;A;0
999;A;0
1000;A;0
1001;B;0
1002;B;0
1003;B;0
1004;B;0
1005;B;1
1006;B;1
1007;B;0
1008;B;0
1009;B;0
1010;B;0
1011;B;0
1012;B;1
1013;B;1
1014;B;0
1015;B;1
1016;B;1
1017;B;0
1018;B;1
1019;B;1
1020;B;1
1021;B;0
1022;B;0
1023;B;0
1024;B;0
1025;B;0
1026;B;0
1027;B;0
1028;B;0
1029;B;0
1030;B;0
1031;B;0
1032;B;1
1033;B;0
1034;B;0
1035;B;1
1036;B;0
1037;B;0
1038;B;0
1039;B;0
1040;B;0
1041;B;1
1042;B;1
1043;B;1
1044;B;0
1045;B;0
1046;B;0
1047;B;0
1048;B;1
1049;B;0
1050;B;0
1051;B;1
1052;B;0
1053;B;0
1054;B;1
1055;B;0
1056;B;0
1057;B;0
1058;B;0
1059;B;0
1060;B;0
1061;B;1
1062;B;1
1063;B;0
1064;B;0
1065;B;0
1066;B;1
1067;B;0
1068;B;1
1069;B;0
1070;B;0
1071;B;0
1072;B;1
1073;B;1
1074;B;0
1075;B;0
1076;B;1
1077;B;1
1078;B;0
1079;B;0
1080;B;0
1081;B;0
1082;B;1
1083;B;0
1084;B;1
1085;B;0
1086;B;0
1087;B;0
1088;B;0
1089;B;0
1090;B;0
1091;B;0
1092;B;1
1093;B;0
1094;B;0
1095;B;1
1096;B;1
1097;B;0
1098;B;0
1099;B;1
1100;B;0
1101;B;0
1102;B;0
1103;B;0
1104;B;0
1105;B;1
1106;B;0
1107;B;0
1108;B;1
1109;B;0
1110;B;0
1111;B;1
1112;B;0
1113;B;0
1114;B;0
1115;B;0
1116;B;0
1117;B;0
1118;B;1
1119;B;0
1120;B;1
1121;B;0
1122;B;0
1123;B;0
1124;B;0
1125;B;0
1126;B;1
1127;B;0
1128;B;1
1129;B;1
1130;B;0
1131;B;0
1132;B;1
1133;B;0
1134;B;1
1135;B;0
1136;B;0
1137;B;0
1138;B;0
1139;B;1
1140;B;0
1141;B;0
1142;B;0
1143;B;1
1144;B;0
1145;B;0
1146;B;0
1147;B;0
1148;B;0
1149;B;0
1150;B;0
1151;B;0
1152;B;0
1153;B;0
1154;B;1
1155;B;0
1156;B;1
1157;B;0
1158;B;1
1159;B;0
1160;B;0
1161;B;0
1162;B;1
1163;B;1
1164;B;0
1165;B;1
1166;B;0
1167;B;0
1168;B;0
1169;B;0
1170;B;0
1171;B;0
1172;B;1
1173;B;0
1174;B;0
1175;B;0
1176;B;1
1177;B;1
1178;B;0
1179;B;0
1180;B;0
1181;B;0
1182;B;0
1183;B;0
1184;B;0
1185;B;0
1186;B;0
1187;B;1
1188;B;0
1189;B;0
1190;B;0
1191;B;0
1192;B;0
1193;B;1
1194;B;1
1195;B;1
1196;B;0
1197;B;0
1198;B;0
1199;B;1
1200;B;0
1201;B;0
1202;B;0
1203;B;0
1204;B;1
1205;B;0
1206;B;1
1207;B;0
1208;B;0
1209;B;0
1210;B;1
1211;B;0
1212;B;1
1213;B;0
1214;B;0
1215;B;0
1216;B;1
1217;B;1
1218;B;0
1219;B;0
1220;B;0
1221;B;1
1222;B;0
1223;B;1
1224;B;0
1225;B;0
1226;B;0
1227;B;1
1228;B;0
1229;B;0
1230;B;0
1231;B;0
1232;B;1
1233;B;0
1234;B;0
1235;B;1
1236;B;1
1237;B;0
1238;B;0
1239;B;0
1240;B;0
1241;B;0
1242;B;0
1243;B;0
1244;B;1
1245;B;0
1246;B;0
1247;B;1
1248;B;0
1249;B;0
1250;B;0
1251;B;0
1252;B;0
1253;B;1
1254;B;0
1255;B;0
1256;B;1
1257;B;0
1258;B;0
1259;B;1
1260;B;0
1261;B;0
1262;B;1
1263;B;0
1264;B;1
1265;B;0
1266;B;1
1267;B;0
1268;B;0
1269;B;0
1270;B;1
1271;B;0
1272;B;0
1273;B;1
1274;B;0
1275;B;0
1276;B;0
1277;B;0
1278;B;1
1279;B;0
1280;B;1
1281;B;1
1282;B;1
1283;B;0
1284;B;0
1285;B;0
1286;B;1
1287;B;0
1288;B;0
1289;B;0
1290;B;0
1291;B;0
1292;B;0
1293;B;0
1294;B;0
1295;B;1
1296;B;0
1297;B;1
1298;B;0
1299;B;1
1300;B;0
1301;B;0
1302;B;0
1303;B;0
1304;B;1
1305;B;0
1306;B;0
1307;B;1
1308;B;0
1309;B;0
1310;B;0
1311;B;1
1312;B;0
1313;B;0
1314;B;0
1315;B;0
1316;B;0
1317;B;0
1318;B;0
1319;B;0
1320;B;1
1321;B;0
1322;B;0
1323;B;0
1324;B;1
1325;B;0
1326;B;0
1327;B;1
1328;B;0
1329;B;0
1330;B;0
1331;B;0
1332;B;1
1333;B;0
1334;B;0
1335;B;1
1336;B;0
1337;B;0
1338;B;1
1339;B;0
1340;B;0
1341;B;0
1342;B;0
1343;B;0
1344;B;0
1345;B;0
1346;B;1
1347;B;0
1348;B;0
1349;B;1
1350;B;1
1351;B;1
1352;B;0
1353;B;0
1354;B;0
1355;B;0
1356;B;0
1357;B;0
1358;B;0
1359;B;0
1360;B;0
1361;B;0
1362;B;0
1363;B;1
1364;B;0
1365;B;0
1366;B;0
1367;B;0
1368;B;0
1369;B;0
1370;B;0
1371;B;1
1372;B;0
1373;B;0
1374;B;1
1375;B;0
1376;B;1
1377;B;0
1378;B;1
1379;B;0
1380;B;0
1381;B;0
1382;B;0
1383;B;0
1384;B;0
1385;B;0
1386;B;1
1387;B;0
1388;B;0
1389;B;0
1390;B;0
1391;B;0
1392;B;0
1393;B;0
1394;B;0
1395;B;0
1396;B;1
1397;B;0
1398;B;0
1399;B;0
1400;B;1
1401;B;1
1402;B;0
1403;B;0
1404;B;0
1405;B;0
1406;B;0
1407;B;0
1408;B;1
1409;B;1
1410;B;1
1411;B;0
1412;B;0
1413;B;0
1414;B;0
1415;B;0
1416;B;0
1417;B;0
1418;B;0
1419;B;0
1420;B;1
1421;B;0
1422;B;0
1423;B;0
1424;B;0
1425;B;0
1426;B;1
1427;B;0
1428;B;0
1429;B;0
1430;B;0
1431;B;0
1432;B;0
1433;B;0
1434;B;1
1435;B;1
1436;B;0
1437;B;1
1438;B;0
1439;B;0
1440;B;0
1441;B;0
1442;B;1
1443;B;0
1444;B;1
1445;B;0
1446;B;0
1447;B;0
1448;B;0
1449;B;1
1450;B;1
1451;B;0
1452;B;1
1453;B;0
1454;B;0
1455;B;1
1456;B;0
1457;B;1
1458;B;0
1459;B;0
1460;B;0
1461;B;0
1462;B;1
1463;B;0
1464;B;0
1465;B;0
1466;B;1
1467;B;0
1468;B;0
1469;B;0
1470;B;1
1471;B;0
1472;B;0
1473;B;1
1474;B;0
1475;B;0
1476;B;0
1477;B;0
1478;B;0
1479;B;0
1480;B;0
1481;B;0
1482;B;0
1483;B;0
1484;B;0
1485;B;0
1486;B;0
1487;B;1
1488;B;0
1489;B;0
1490;B;1
1491;B;1
1492;B;0
1493;B;0
1494;B;1
1495;B;0
1496;B;0
1497;B;0
1498;B;0
1499;B;1
1500;B;0
1501;B;1
1502;B;0
1503;B;0
1504;B;1
1505;B;1
1506;B;1
1507;B;0
1508;B;0
1509;B;1
1510;B;0
1511;B;0
1512;B;0
1513;B;0
1514;B;1
1515;B;1
1516;B;0
1517;B;0
1518;B;0
1519;B;1
1520;B;0
1521;B;0
1522;B;1
1523;B;0
1524;B;0
1525;B;1
1526;B;0
1527;B;1
1528;B;0
1529;B;0
1530;B;0
1531;B;0
1532;B;0
1533;B;0
1534;B;0
1535;B;0
1536;B;0
1537;B;0
1538;B;0
1539;B;0
1540;B;1
1541;B;1
1542;B;0
1543;B;0
1544;B;1
1545;B;0
1546;B;0
1547;B;1
1548;B;0
1549;B;1
1550;B;0
1551;B;0
1552;B;0
1553;B;0
1554;B;0
1555;B;0
1556;B;0
1557;B;0
1558;B;0
1559;B;1
1560;B;0
1561;B;0
1562;B;0
1563;B;0
1564;B;1
1565;B;1
1566;B;0
1567;B;0
1568;B;0
1569;B;1
1570;B;0
1571;B;0
1572;B;1
1573;B;1
1574;B;0
1575;B;0
1576;B;0
1577;B;0
1578;B;0
1579;B;0
1580;B;1
1581;B;0
1582;B;0
1583;B;0
1584;B;1
1585;B;0
1586;B;0
1587;B;0
1588;B;0
1589;B;1
1590;B;0
1591;B;0
1592;B;0
1593;B;0
1594;B;0
1595;B;0
1596;B;0
1597;B;0
1598;B;0
1599;B;0
1600;B;0
1601;B;0
1602;B;1
1603;B;0
1604;B;0
1605;B;0
1606;B;1
1607;B;1
1608;B;1
1609;B;0
1610;B;0
1611;B;0
1612;B;1
1613;B;1
1614;B;0
1615;B;0
1616;B;0
1617;B;0
1618;B;0
1619;B;0
1620;B;0
1621;B;0
1622;B;0
1623;B;0
1624;B;0
1625;B;0
1626;B;0
1627;B;0
1628;B;0
1629;B;1
1630;B;0
1631;B;0
1632;B;0
1633;B;0
1634;B;0
1635;B;0
1636;B;0
1637;B;0
1638;B;0
1639;B;0
1640;B;0
1641;B;0
1642;B;0
1643;B;0
1644;B;1
1645;B;0
1646;B;0
1647;B;1
1648;B;1
1649;B;0
1650;B;0
1651;B;1
1652;B;1
1653;B;1
1654;B;0
1655;B;0
1656;B;1
1657;B;0
1658;B;0
1659;B;0
1660;B;0
1661;B;0
1662;B;0
1663;B;1
1664;B;0
1665;B;0
1666;B;1
1667;B;1
1668;B;0
1669;B;0
1670;B;0
1671;B;0
1672;B;0
1673;B;0
1674;B;0
1675;B;0
1676;B;0
1677;B;1
1678;B;0
1679;B;0
1680;B;0
1681;B;1
1682;B;0
1683;B;1
1684;B;1
1685;B;0
1686;B;0
1687;B;0
1688;B;1
1689;B;0
1690;B;0
1691;B;0
1692;B;1
1693;B;0
1694;B;0
1695;B;0
1696;B;1
1697;B;0
1698;B;0
1699;B;0
1700;B;0
1701;B;0
1702;B;0
1703;B;1
1704;B;0
1705;B;1
1706;B;0
1707;B;1
1708;B;0
1709;B;0
1710;B;0
1711;B;0
1712;B;1
1713;B;0
1714;B;1
1715;B;0
1716;B;0
1717;B;0
1718;B;0
1719;B;0
1720;B;1
1721;B;0
1722;B;0
1723;B;0
1724;B;0
1725;B;0
1726;B;0
1727;B;0
1728;B;1
1729;B;0
1730;B;0
1731;B;1
1732;B;0
1733;B;0
1734;B;0
1735;B;0
1736;B;0
1737;B;0
1738;B;1
1739;B;0
1740;B;1
1741;B;0
1742;B;0
1743;B;0
1744;B;1
1745;B;0
1746;B;0
1747;B;0
1748;B;0
1749;B;1
1750;B;0
1751;B;0
1752;B;0
1753;B;0
1754;B;0
1755;B;0
1756;B;0
1757;B;1
1758;B;1
1759;B;0
1760;B;0
1761;B;0
1762;B;0
1763;B;0
1764;B;0
1765;B;0
1766;B;1
1767;B;0
1768;B;0
1769;B;0
1770;B;0
1771;B;0
1772;B;1
1773;B;0
1774;B;0
1775;B;0
1776;B;0
1777;B;1
1778;B;0
1779;B;0
1780;B;1
1781;B;1
1782;B;0
1783;B;1
1784;B;0
1785;B;0
1786;B;0
1787;B;0
1788;B;1
1789;B;0
1790;B;0
1791;B;0
1792;B;0
1793;B;1
1794;B;0
1795;B;1
1796;B;1
1797;B;0
1798;B;0
1799;B;0
1800;B;0
1801;B;1
1802;B;0
1803;B;0
1804;B;0
1805;B;0
1806;B;1
1807;B;1
1808;B;0
1809;B;1
1810;B;0
1811;B;0
1812;B;0
1813;B;0
1814;B;0
1815;B;1
1816;B;0
1817;B;1
1818;B;0
1819;B;0
1820;B;0
1821;B;0
1822;B;1
1823;B;0
1824;B;0
1825;B;0
1826;B;0
1827;B;1
1828;B;0
1829;B;1
1830;B;1
1831;B;0
1832;B;0
1833;B;0
1834;B;0
1835;B;0
1836;B;0
1837;B;0
1838;B;0
1839;B;0
1840;B;0
1841;B;0
1842;B;0
1843;B;0
1844;B;0
1845;B;0
1846;B;0
1847;B;0
1848;B;0
1849;B;0
1850;B;1
1851;B;0
1852;B;0
1853;B;1
1854;B;0
1855;B;0
1856;B;1
1857;B;0
1858;B;0
1859;B;0
1860;B;1
1861;B;1
1862;B;0
1863;B;0
1864;B;0
1865;B;1
1866;B;1
1867;B;0
1868;B;0
1869;B;0
1870;B;1
1871;B;0
1872;B;0
1873;B;1
1874;B;0
1875;B;0
1876;B;1
1877;B;0
1878;B;0
1879;B;0
1880;B;0
1881;B;1
1882;B;0
1883;B;0
1884;B;0
1885;B;1
1886;B;0
1887;B;0
1888;B;0
1889;B;0
1890;B;0
1891;B;0
1892;B;0
1893;B;0
1894;B;0
1895;B;0
1896;B;0
1897;B;0
1898;B;0
1899;B;1
1900;B;0
1901;B;0
1902;B;0
1903;B;0
1904;B;0
1905;B;1
1906;B;1
1907;B;0
1908;B;0
1909;B;0
1910;B;1
1911;B;0
1912;B;0
1913;B;1
1914;B;0
1915;B;0
1916;B;0
1917;B;0
1918;B;0
1919;B;1
1920;B;0
1921;B;0
1922;B;0
1923;B;0
1924;B;0
1925;B;0
1926;B;1
1927;B;0
1928;B;1
1929;B;0
1930;B;0
1931;B;0
1932;B;0
1933;B;1
1934;B;0
1935;B;0
1936;B;0
1937;B;0
1938;B;1
1939;B;0
1940;B;0
1941;B;0
1942;B;0
1943;B;0
1944;B;0
1945;B;0
1946;B;0
1947;B;0
1948;B;0
1949;B;0
1950;B;1
1951;B;0
1952;B;0
1953;B;0
1954;B;0
1955;B;0
1956;B;1
1957;B;0
1958;B;0
1959;B;0
1960;B;1
1961;B;0
1962;B;0
1963;B;0
1964;B;0
1965;B;0
1966;B;1
1967;B;0
1968;B;0
1969;B;0
1970;B;1
1971;B;0
1972;B;0
1973;B;1
1974;B;0
1975;B;1
1976;B;0
1977;B;0
1978;B;0
1979;B;1
1980;B;1
1981;B;0
1982;B;0
1983;B;0
1984;B;1
1985;B;1
1986;B;0
1987;B;1
1988;B;0
1989;B;0
1990;B;0
1991;B;0
1992;B;0
1993;B;0
1994;B;1
1995;B;0
1996;B;0
1997;B;0
1998;B;0
1999;B;0
2000;B;0
2001;C;1
2002;C;1
2003;C;0
2004;C;0
2005;C;0
2006;C;0
2007;C;0
2008;C;0
2009;C;0
2010;C;1
2011;C;0
2012;C;0
2013;C;0
2014;C;1
2015;C;1
2016;C;0
2017;C;1
2018;C;0
2019;C;0
2020;C;0
2021;C;0
2022;C;1
2023;C;0
2024;C;0
2025;C;0
2026;C;0
2027;C;0
2028;C;0
2029;C;0
2030;C;1
2031;C;1
2032;C;0
2033;C;1
2034;C;1
2035;C;0
2036;C;0
2037;C;0
2038;C;0
2039;C;1
2040;C;0
2041;C;0
2042;C;1
2043;C;1
2044;C;0
2045;C;0
2046;C;0
2047;C;0
2048;C;1
2049;C;0
2050;C;0
2051;C;0
2052;C;1
2053;C;0
2054;C;0
2055;C;0
2056;C;1
2057;C;1
2058;C;0
2059;C;0
2060;C;0
2061;C;0
2062;C;1
2063;C;0
2064;C;0
2065;C;1
2066;C;1
2067;C;1
2068;C;0
2069;C;1
2070;C;0
2071;C;0
2072;C;0
2073;C;1
2074;C;1
2075;C;0
2076;C;0
2077;C;0
2078;C;0
2079;C;0
2080;C;0
2081;C;0
2082;C;0
2083;C;0
2084;C;0
2085;C;0
2086;C;1
2087;C;0
2088;C;1
2089;C;0
2090;C;0
2091;C;0
2092;C;0
2093;C;1
2094;C;0
2095;C;0
2096;C;0
2097;C;0
2098;C;0
2099;C;1
2100;C;0
2101;C;0
2102;C;0
2103;C;0
2104;C;1
2105;C;0
2106;C;1
2107;C;1
2108;C;1
2109;C;1
2110;C;1
2111;C;1
2112;C;1
2113;C;0
2114;C;0
2115;C;0
2116;C;0
2117;C;0
2118;C;0
2119;C;1
2120;C;0
2121;C;1
2122;C;1
2123;C;1
2124;C;0
2125;C;1
2126;C;0
2127;C;0
2128;C;0
2129;C;0
2130;C;0
2131;C;0
2132;C;1
2133;C;1
2134;C;1
2135;C;0
2136;C;0
2137;C;0
2138;C;0
2139;C;1
2140;C;0
2141;C;1
2142;C;0
2143;C;0
2144;C;1
2145;C;0
2146;C;1
2147;C;0
2148;C;0
2149;C;0
2150;C;1
2151;C;1
2152;C;0
2153;C;0
2154;C;0
2155;C;1
2156;C;0
2157;C;0
2158;C;0
2159;C;0
2160;C;0
2161;C;0
2162;C;0
2163;C;0
2164;C;1
2165;C;0
2166;C;1
2167;C;1
2168;C;1
2169;C;0
2170;C;1
2171;C;1
2172;C;1
2173;C;0
2174;C;1
2175;C;1
2176;C;1
2177;C;1
2178;C;0
2179;C;0
2180;C;1
2181;C;0
2182;C;0
2183;C;0
2184;C;1
2185;C;0
2186;C;0
2187;C;1
2188;C;1
2189;C;1
2190;C;0
2191;C;0
2192;C;0
2193;C;1
2194;C;0
2195;C;0
2196;C;1
2197;C;0
2198;C;0
2199;C;0
2200;C;0
2201;C;0
2202;C;1
2203;C;0
2204;C;1
2205;C;0
2206;C;0
2207;C;0
2208;C;0
2209;C;0
2210;C;1
2211;C;0
2212;C;1
2213;C;1
2214;C;1
2215;C;1
2216;C;0
2217;C;0
2218;C;0
2219;C;0
2220;C;0
2221;C;0
2222;C;1
2223;C;0
2224;C;0
2225;C;0
2226;C;0
2227;C;0
2228;C;0
2229;C;1
2230;C;1
2231;C;0
2232;C;0
2233;C;0
2234;C;0
2235;C;0
2236;C;0
2237;C;0
2238;C;0
2239;C;0
2240;C;0
2241;C;0
2242;C;1
2243;C;0
2244;C;0
2245;C;0
2246;C;0
2247;C;0
2248;C;0
2249;C;0
2250;C;0
2251;C;0
2252;C;0
2253;C;0
2254;C;0
2255;C;1
2256;C;0
2257;C;1
2258;C;1
2259;C;1
2260;C;0
2261;C;1
2262;C;0
2263;C;1
2264;C;1
2265;C;0
2266;C;0
2267;C;1
2268;C;1
2269;C;0
2270;C;0
2271;C;0
2272;C;0
2273;C;0
2274;C;0
2275;C;0
2276;C;1
2277;C;0
2278;C;0
2279;C;0
2280;C;1
2281;C;0
2282;C;1
2283;C;0
2284;C;1
2285;C;0
2286;C;0
2287;C;0
2288;C;0
2289;C;1
2290;C;0
2291;C;0
2292;C;0
2293;C;1
2294;C;0
2295;C;1
2296;C;0
2297;C;0
2298;C;0
2299;C;1
2300;C;0
2301;C;0
2302;C;1
2303;C;0
2304;C;0
2305;C;0
2306;C;0
2307;C;1
2308;C;0
2309;C;1
2310;C;0
2311;C;0
2312;C;1
2313;C;0
2314;C;1
2315;C;0
2316;C;1
2317;C;1
2318;C;0
2319;C;0
2320;C;0
2321;C;0
2322;C;0
2323;C;0
2324;C;0
2325;C;0
2326;C;0
2327;C;1
2328;C;1
2329;C;0
2330;C;0
2331;C;0
2332;C;0
2333;C;1
2334;C;1
2335;C;0
2336;C;1
2337;C;1
2338;C;0
2339;C;0
2340;C;0
2341;C;1
2342;C;1
2343;C;0
2344;C;1
2345;C;1
2346;C;0
2347;C;0
2348;C;0
2349;C;0
2350;C;1
2351;C;0
2352;C;0
2353;C;1
2354;C;1
2355;C;0
2356;C;0
2357;C;1
2358;C;1
2359;C;0
2360;C;0
2361;C;0
2362;C;0
2363;C;0
2364;C;1
2365;C;1
2366;C;1
2367;C;0
2368;C;1
2369;C;1
2370;C;0
2371;C;0
2372;C;1
2373;C;1
2374;C;0
2375;C;1
2376;C;0
2377;C;0
2378;C;0
2379;C;1
2380;C;0
2381;C;1
2382;C;0
2383;C;0
2384;C;0
2385;C;1
2386;C;0
2387;C;0
2388;C;0
2389;C;1
2390;C;1
2391;C;1
2392;C;1
2393;C;0
2394;C;0
2395;C;0
2396;C;0
2397;C;0
2398;C;0
2399;C;1
2400;C;1
2401;C;1
2402;C;0
2403;C;1
2404;C;1
2405;C;0
2406;C;0
2407;C;0
2408;C;1
2409;C;0
2410;C;0
2411;C;1
2412;C;1
2413;C;1
2414;C;0
2415;C;1
2416;C;0
2417;C;1
2418;C;0
2419;C;1
2420;C;0
2421;C;0
2422;C;1
2423;C;0
2424;C;0
2425;C;0
2426;C;0
2427;C;1
2428;C;0
2429;C;0
2430;C;0
2431;C;1
2432;C;1
2433;C;0
2434;C;1
2435;C;0
2436;C;0
2437;C;0
2438;C;0
2439;C;1
2440;C;1
2441;C;0
2442;C;0
2443;C;0
2444;C;1
2445;C;1
2446;C;0
2447;C;0
2448;C;0
2449;C;0
2450;C;0
2451;C;0
2452;C;0
2453;C;0
2454;C;0
2455;C;0
2456;C;0
2457;C;1
2458;C;0
2459;C;0
2460;C;0
2461;C;1
2462;C;0
2463;C;0
2464;C;0
2465;C;0
2466;C;0
2467;C;1
2468;C;0
2469;C;0
2470;C;0
2471;C;0
2472;C;0
2473;C;1
2474;C;0
2475;C;0
2476;C;0
2477;C;1
2478;C;1
2479;C;0
2480;C;0
2481;C;0
2482;C;1
2483;C;1
2484;C;0
2485;C;0
2486;C;1
2487;C;1
2488;C;0
2489;C;1
2490;C;0
2491;C;1
2492;C;0
2493;C;1
2494;C;1
2495;C;0
2496;C;0
2497;C;0
2498;C;1
2499;C;0
2500;C;0
2501;C;0
2502;C;0
2503;C;0
2504;C;0
2505;C;0
2506;C;0
2507;C;0
2508;C;1
2509;C;0
2510;C;0
2511;C;0
2512;C;0
2513;C;1
2514;C;0
2515;C;0
2516;C;0
2517;C;1
2518;C;1
2519;C;0
2520;C;1
2521;C;1
2522;C;0
2523;C;0
2524;C;0
2525;C;0
2526;C;0
2527;C;0
2528;C;0
2529;C;1
2530;C;1
2531;C;1
2532;C;1
2533;C;1
2534;C;0
2535;C;0
2536;C;0
2537;C;0
2538;C;0
2539;C;1
2540;C;0
2541;C;0
2542;C;0
2543;C;0
2544;C;0
2545;C;1
2546;C;0
2547;C;0
2548;C;0
2549;C;1
2550;C;1
2551;C;0
2552;C;0
2553;C;0
2554;C;1
2555;C;1
2556;C;0
2557;C;0
2558;C;0
2559;C;0
2560;C;0
2561;C;0
2562;C;0
2563;C;1
2564;C;0
2565;C;0
2566;C;1
2567;C;0
2568;C;0
2569;C;0
2570;C;0
2571;C;1
2572;C;0
2573;C;0
2574;C;1
2575;C;0
2576;C;0
2577;C;1
2578;C;0
2579;C;0
2580;C;1
2581;C;1
2582;C;0
2583;C;1
2584;C;1
2585;C;0
2586;C;0
2587;C;1
2588;C;0
2589;C;0
2590;C;1
2591;C;1
2592;C;1
2593;C;0
2594;C;0
2595;C;1
2596;C;0
2597;C;1
2598;C;0
2599;C;0
2600;C;0
2601;C;0
2602;C;1
2603;C;0
2604;C;1
2605;C;0
2606;C;1
2607;C;1
2608;C;0
2609;C;0
2610;C;0
2611;C;0
2612;C;1
2613;C;0
2614;C;0
2615;C;1
2616;C;0
2617;C;0
2618;C;0
2619;C;0
2620;C;0
2621;C;1
2622;C;0
2623;C;1
2624;C;0
2625;C;0
2626;C;1
2627;C;1
2628;C;0
2629;C;1
2630;C;0
2631;C;0
2632;C;0
2633;C;1
2634;C;0
2635;C;1
2636;C;0
2637;C;1
2638;C;0
2639;C;0
2640;C;0
2641;C;1
2642;C;1
2643;C;0
2644;C;0
2645;C;1
2646;C;1
2647;C;1
2648;C;0
2649;C;0
2650;C;1
2651;C;0
2652;C;1
2653;C;1
2654;C;1
2655;C;0
2656;C;0
2657;C;1
2658;C;1
2659;C;0
2660;C;0
2661;C;0
2662;C;0
2663;C;0
2664;C;0
2665;C;0
2666;C;0
2667;C;0
2668;C;0
2669;C;1
2670;C;0
2671;C;0
2672;C;0
2673;C;0
2674;C;1
2675;C;1
2676;C;0
2677;C;0
2678;C;0
2679;C;0
2680;C;0
2681;C;0
2682;C;0
2683;C;0
2684;C;0
2685;C;0
2686;C;0
2687;C;0
2688;C;0
2689;C;0
2690;C;1
2691;C;0
2692;C;0
2693;C;1
2694;C;0
2695;C;0
2696;C;1
2697;C;1
2698;C;1
2699;C;1
2700;C;1
2701;C;0
2702;C;0
2703;C;0
2704;C;0
2705;C;1
2706;C;0
2707;C;1
2708;C;0
2709;C;0
2710;C;0
2711;C;1
2712;C;0
2713;C;1
2714;C;0
2715;C;1
2716;C;0
2717;C;1
2718;C;0
2719;C;0
2720;C;1
2721;C;0
2722;C;1
2723;C;0
2724;C;0
2725;C;1
2726;C;0
2727;C;1
2728;C;0
2729;C;0
2730;C;1
2731;C;0
2732;C;0
2733;C;0
2734;C;0
2735;C;0
2736;C;0
2737;C;0
2738;C;1
2739;C;0
2740;C;0
2741;C;0
2742;C;0
2743;C;0
2744;C;0
2745;C;0
2746;C;1
2747;C;0
2748;C;0
2749;C;1
2750;C;1
2751;C;1
2752;C;1
2753;C;0
2754;C;0
2755;C;0
2756;C;1
2757;C;0
2758;C;0
2759;C;1
2760;C;1
2761;C;0
2762;C;0
2763;C;1
2764;C;0
2765;C;1
2766;C;0
2767;C;0
2768;C;0
2769;C;1
2770;C;0
2771;C;1
2772;C;0
2773;C;1
2774;C;1
2775;C;0
2776;C;0
2777;C;0
2778;C;1
2779;C;1
2780;C;1
2781;C;0
2782;C;0
2783;C;1
2784;C;1
2785;C;0
2786;C;0
2787;C;0
2788;C;0
2789;C;0
2790;C;0
2791;C;0
2792;C;0
2793;C;1
2794;C;0
2795;C;0
2796;C;0
2797;C;1
2798;C;0
2799;C;0
2800;C;1
2801;C;0
2802;C;0
2803;C;1
2804;C;0
2805;C;0
2806;C;1
2807;C;1
2808;C;0
2809;C;0
2810;C;0
2811;C;1
2812;C;0
2813;C;0
2814;C;0
2815;C;0
2816;C;0
2817;C;0
2818;C;1
2819;C;0
2820;C;1
2821;C;0
2822;C;0
2823;C;1
2824;C;0
2825;C;0
2826;C;1
2827;C;0
2828;C;1
2829;C;1
2830;C;0
2831;C;0
2832;C;0
2833;C;1
2834;C;0
2835;C;0
2836;C;1
2837;C;0
2838;C;0
2839;C;0
2840;C;0
2841;C;0
2842;C;1
2843;C;0
2844;C;0
2845;C;0
2846;C;0
2847;C;0
2848;C;1
2849;C;1
2850;C;0
2851;C;0
2852;C;0
2853;C;0
2854;C;1
2855;C;0
2856;C;0
2857;C;0
2858;C;0
2859;C;0
2860;C;1
2861;C;0
2862;C;1
2863;C;0
2864;C;0
2865;C;0
2866;C;0
2867;C;0
2868;C;1
2869;C;0
2870;C;1
2871;C;0
2872;C;1
2873;C;0
2874;C;0
2875;C;1
2876;C;1
2877;C;1
2878;C;0
2879;C;1
2880;C;0
2881;C;1
2882;C;0
2883;C;1
2884;C;0
2885;C;0
2886;C;0
2887;C;0
2888;C;1
2889;C;0
2890;C;0
2891;C;0
2892;C;1
2893;C;1
2894;C;1
2895;C;0
2896;C;1
2897;C;0
2898;C;0
2899;C;1
2900;C;0
2901;C;0
2902;C;0
2903;C;0
2904;C;0
2905;C;0
2906;C;0
2907;C;0
2908;C;0
2909;C;0
2910;C;1
2911;C;1
2912;C;1
2913;C;0
2914;C;1
2915;C;0
2916;C;1
2917;C;0
2918;C;1
2919;C;1
2920;C;1
2921;C;1
2922;C;0
2923;C;0
2924;C;0
2925;C;0
2926;C;1
2927;C;1
2928;C;0
2929;C;0
2930;C;1
2931;C;0
2932;C;0
2933;C;0
2934;C;0
2935;C;0
2936;C;0
2937;C;0
2938;C;1
2939;C;0
2940;C;0
2941;C;0
2942;C;0
2943;C;1
2944;C;1
2945;C;0
2946;C;0
2947;C;1
2948;C;0
2949;C;1
2950;C;0
2951;C;0
2952;C;1
2953;C;1
2954;C;1
2955;C;0
2956;C;0
2957;C;0
2958;C;0
2959;C;1
2960;C;1
2961;C;0
2962;C;0
2963;C;0
2964;C;1
2965;C;1
2966;C;0
2967;C;0
2968;C;1
2969;C;1
2970;C;1
2971;C;1
2972;C;1
2973;C;0
2974;C;1
2975;C;0
2976;C;1
2977;C;0
2978;C;0
2979;C;1
2980;C;0
2981;C;1
2982;C;1
2983;C;0
2984;C;0
2985;C;0
2986;C;0
2987;C;1
2988;C;1
2989;C;1
2990;C;1
2991;C;0
2992;C;0
2993;C;0
2994;C;1
2995;C;0
2996;C;1
2997;C;1
2998;C;0
2999;C;0
3000;C;1
